<?xml version="1.0" encoding="UTF-8" ?><_ROOT_  MainEffect="Y" TwoFactor="N" Polynomial="N" PolynomialDegree="2" Terms="N" Error="LOGISTIC"
 LinkFunction="LOGIT" SuppressIntercept="N" InputCoding="DEVIATION" MinResourceUse="N"
 ModelSelection="STEPWISE" SelectionCriterion="DEFAULT" SelectionDefault="N" Sequential="N"
 SlEntry="0.05" SlStay="0.05" Start="0" Stop="0" Force="0" Hierarchy="CLASS" Rule="NONE"
 MaxStep="." StepOutput="N" OptimizationTechnique="DEFAULT" ModelDefaults="Y" MaxIterations="."
 MaxFunctionCalls="." MaxCPUTime="1 HOUR" ConvDefaults="Y" AbsConvValue="-1.34078E154"
 AbsFValue="0" AbsFTime="1" AbsGValue="0.00001" AbsGTime="1" AbsXValue="1E-8" AbsXTime="1"
 FConvValue="0" FConvTimes="1" GConvValue="1E-6" GConvTimes="1" ClParm="N" Covout="N"
 CovB="N" CorB="N" Simple="N" SuppressOutput="N" Details="N" PrintDesignMatrix="N"
 SASSPDS="N" Performance="N" ExcludedVariable="REJECT" ForceRun="N" RunAction="Train"
 Component="Regression" RawCreateTime="1914686609.7" CreateTime="02SEP2020:17:23:30"
 Interactions="" RunId="dd4e3966-d5c6-46ed-89ab-c847a3d10375" RawLastTimeRun="1914798958.6"
 RawRunTime="4.3849999905" LastTimeRun="04SEP2020:00:35:59" RunTime="0 Hr. 0 Min. 4.38 Sec."
>
<VARIABLEPROPERTIES/>
<FILEPROPERTIES ><![CDATA[
EMNOTES
]]>
</FILEPROPERTIES><EMTARGETATTRIBUTES >
<CHURN >
<DECDATA  Table="EMWS1.Reg_Churn_DD">
<DATA >
<OBS  CHURN="Y" COUNT="212" DATAPRIOR="0.0817901235" TRAINPRIOR="0.0817901235" DECPRIOR="."
 DECISION1="1" DECISION2="0"/>
<OBS  CHURN="NA" COUNT="2380" DATAPRIOR="0.9182098765" TRAINPRIOR="0.9182098765" DECPRIOR="."
 DECISION1="0" DECISION2="1"/>
</DATA>
<METADATA >
<VARIABLE  NAME="Churn" LABEL="" LENGTH="32" FORMAT="" TYPE="C"/>
<VARIABLE  NAME="COUNT" LABEL="Level Counts" LENGTH="8" FORMAT="" TYPE="N"/>
<VARIABLE  NAME="DATAPRIOR" LABEL="Data Proportions" LENGTH="8" FORMAT="" TYPE="N"/>
<VARIABLE  NAME="TRAINPRIOR" LABEL="Training Proportions" LENGTH="8" FORMAT="" TYPE="N"/>
<VARIABLE  NAME="DECPRIOR" LABEL="Decision Priors" LENGTH="8" FORMAT="" TYPE="N"/>
<VARIABLE  NAME="DECISION1" LABEL="Y" LENGTH="8" FORMAT="" TYPE="N"/>
<VARIABLE  NAME="DECISION2" LABEL="NA" LENGTH="8" FORMAT="" TYPE="N"/>
</METADATA>
</DECDATA>
<DECMETA  Table="EMWS1.Reg_Churn_DM">
<DATA >
<OBS  _TYPE_="MATRIX" VARIABLE="" LABEL="" LEVEL="PROFIT" EVENT="" ORDER="" FORMAT="" TYPE=""
 COST="" USE="N"/>
<OBS  _TYPE_="TARGET" VARIABLE="Churn" LABEL="" LEVEL="NOMINAL" EVENT="Y" ORDER="" FORMAT="$2."
 TYPE="C" COST="" USE=""/>
<OBS  _TYPE_="DECISION" VARIABLE="DECISION1" LABEL="Y" LEVEL="" EVENT="" ORDER="" FORMAT=""
 TYPE="N" COST="" USE="Y"/>
<OBS  _TYPE_="DECISION" VARIABLE="DECISION2" LABEL="NA" LEVEL="" EVENT="" ORDER="" FORMAT=""
 TYPE="N" COST="" USE="Y"/>
<OBS  _TYPE_="DATAPRIOR" VARIABLE="DATAPRIOR" LABEL="Data Prior" LEVEL="" EVENT="" ORDER=""
 FORMAT="" TYPE="N" COST="" USE="N"/>
<OBS  _TYPE_="TRAINPRIOR" VARIABLE="TRAINPRIOR" LABEL="Training Prior" LEVEL="" EVENT=""
 ORDER="" FORMAT="" TYPE="N" COST="" USE="N"/>
<OBS  _TYPE_="DECPRIOR" VARIABLE="DECPRIOR" LABEL="Decision Prior" LEVEL="" EVENT="" ORDER=""
 FORMAT="" TYPE="N" COST="" USE="N"/>
<OBS  _TYPE_="PREDICTED" VARIABLE="P_ChurnY" LABEL="Predicted: Churn=Y" LEVEL="Y" EVENT=""
 ORDER="" FORMAT="" TYPE="N" COST="" USE=""/>
<OBS  _TYPE_="RESIDUAL" VARIABLE="R_ChurnY" LABEL="Residual: Churn=Y" LEVEL="Y" EVENT=""
 ORDER="" FORMAT="" TYPE="N" COST="" USE=""/>
<OBS  _TYPE_="PREDICTED" VARIABLE="P_ChurnNA" LABEL="Predicted: Churn=NA" LEVEL="NA" EVENT=""
 ORDER="" FORMAT="" TYPE="N" COST="" USE=""/>
<OBS  _TYPE_="RESIDUAL" VARIABLE="R_ChurnNA" LABEL="Residual: Churn=NA" LEVEL="NA" EVENT=""
 ORDER="" FORMAT="" TYPE="N" COST="" USE=""/>
<OBS  _TYPE_="FROM" VARIABLE="F_Churn" LABEL="From: Churn" LEVEL="" EVENT="" ORDER="" FORMAT=""
 TYPE="C" COST="" USE=""/>
<OBS  _TYPE_="INTO" VARIABLE="I_Churn" LABEL="Into: Churn" LEVEL="" EVENT="" ORDER="" FORMAT=""
 TYPE="C" COST="" USE=""/>
</DATA>
<METADATA >
<VARIABLE  NAME="_TYPE_" LABEL="Type" LENGTH="32" FORMAT="" TYPE="C"/>
<VARIABLE  NAME="VARIABLE" LABEL="Variable" LENGTH="32" FORMAT="" TYPE="C"/>
<VARIABLE  NAME="LABEL" LABEL="Label" LENGTH="256" FORMAT="" TYPE="C"/>
<VARIABLE  NAME="LEVEL" LABEL="Measurement Level" LENGTH="32" FORMAT="" TYPE="C"/>
<VARIABLE  NAME="EVENT" LABEL="Target Event" LENGTH="32" FORMAT="" TYPE="C"/>
<VARIABLE  NAME="ORDER" LABEL="Order" LENGTH="10" FORMAT="" TYPE="C"/>
<VARIABLE  NAME="FORMAT" LABEL="Format" LENGTH="32" FORMAT="" TYPE="C"/>
<VARIABLE  NAME="TYPE" LABEL="Type" LENGTH="1" FORMAT="" TYPE="C"/>
<VARIABLE  NAME="COST" LABEL="Cost" LENGTH="32" FORMAT="" TYPE="C"/>
<VARIABLE  NAME="USE" LABEL="Use" LENGTH="1" FORMAT="" TYPE="C"/>
</METADATA>
</DECMETA>
</CHURN>
</EMTARGETATTRIBUTES>
</_ROOT_>
